{
  "hopf": {
    "param_name": "tension",
    "param_range": [
      0.5,
      0.5789473684210527,
      0.6578947368421053,
      0.7368421052631579,
      0.8157894736842105,
      0.8947368421052632,
      0.9736842105263157,
      1.0526315789473684,
      1.131578947368421,
      1.2105263157894737,
      1.2894736842105263,
      1.3684210526315788,
      1.4473684210526314,
      1.526315789473684,
      1.6052631578947367,
      1.6842105263157894,
      1.763157894736842,
      1.8421052631578947,
      1.9210526315789473,
      2.0
    ],
    "values": [
      1.6449340668482262,
      1.6449340668482262,
      1.6449340668482262,
      1.6449340668482262,
      1.6449340668482262,
      1.6449340668482262,
      1.6449340668482262,
      1.6449340668482262,
      1.6449340668482262,
      1.6449340668482262,
      1.6449340668482262,
      1.6449340668482262,
      1.6449340668482262,
      1.6449340668482262,
      1.6449340668482262,
      1.6449340668482262,
      1.6449340668482262,
      1.6449340668482262,
      1.6449340668482262,
      1.6449340668482262
    ],
    "relative_changes": [
      1.3498693315439662e-16,
      1.3498693315439662e-16,
      1.3498693315439662e-16,
      1.3498693315439662e-16,
      1.3498693315439662e-16,
      1.3498693315439662e-16,
      1.3498693315439662e-16,
      1.3498693315439662e-16,
      1.3498693315439662e-16,
      1.3498693315439662e-16,
      1.3498693315439662e-16,
      1.3498693315439662e-16,
      1.3498693315439662e-16,
      1.3498693315439662e-16,
      1.3498693315439662e-16,
      1.3498693315439662e-16,
      1.3498693315439662e-16,
      1.3498693315439662e-16,
      1.3498693315439662e-16,
      1.3498693315439662e-16
    ],
    "max_relative_change": 1.3498693315439662e-16,
    "tolerance": 1e-12,
    "is_topologically_protected": true,
    "base_value": 1.6449340668482264
  },
  "eta": {
    "param_name": "curvature",
    "param_range": [
      0.5,
      0.5789473684210527,
      0.6578947368421053,
      0.7368421052631579,
      0.8157894736842105,
      0.8947368421052632,
      0.9736842105263157,
      1.0526315789473684,
      1.131578947368421,
      1.2105263157894737,
      1.2894736842105263,
      1.3684210526315788,
      1.4473684210526314,
      1.526315789473684,
      1.6052631578947367,
      1.6842105263157894,
      1.763157894736842,
      1.8421052631578947,
      1.9210526315789473,
      2.0
    ],
    "values": [
      1.2732395447351628,
      1.2732395447351628,
      1.2732395447351628,
      1.2732395447351628,
      1.2732395447351628,
      1.2732395447351628,
      1.2732395447351628,
      1.2732395447351628,
      1.2732395447351628,
      1.2732395447351628,
      1.2732395447351628,
      1.2732395447351628,
      1.2732395447351628,
      1.2732395447351628,
      1.2732395447351628,
      1.2732395447351628,
      1.2732395447351628,
      1.2732395447351628,
      1.2732395447351628,
      1.2732395447351628
    ],
    "relative_changes": [
      0.0,
      0.0,
      0.0,
      0.0,
      0.0,
      0.0,
      0.0,
      0.0,
      0.0,
      0.0,
      0.0,
      0.0,
      0.0,
      0.0,
      0.0,
      0.0,
      0.0,
      0.0,
      0.0,
      0.0
    ],
    "max_relative_change": 0.0,
    "tolerance": 1e-12,
    "is_topologically_protected": true,
    "base_value": 1.2732395447351628
  },
  "chern": {
    "expected": 4,
    "values": [
      4,
      4,
      4,
      4,
      4,
      4,
      4,
      4,
      4,
      4,
      4,
      4,
      4,
      4,
      4,
      4,
      4,
      4,
      4,
      4,
      4,
      4,
      4,
      4,
      4,
      4,
      4,
      4,
      4,
      4,
      4,
      4,
      4,
      4,
      4,
      4,
      4,
      4,
      4,
      4,
      4,
      4,
      4,
      4,
      4,
      4,
      4,
      4,
      4,
      4
    ],
    "invariant": true
  },
  "alpha": {
    "param_name": "curvature",
    "param_range": [
      0.8,
      0.8200000000000001,
      0.8400000000000001,
      0.86,
      0.88,
      0.9,
      0.92,
      0.9400000000000001,
      0.96,
      0.98,
      1.0,
      1.02,
      1.04,
      1.06,
      1.08,
      1.1,
      1.12,
      1.1400000000000001,
      1.16,
      1.18,
      1.2
    ],
    "values": [
      40.901942691191785,
      40.91962691069289,
      40.93709675224743,
      40.954359828263996,
      40.97142331102149,
      40.98829396749205,
      41.00497819069974,
      41.02148202802708,
      41.03781120682478,
      41.05397115763237,
      41.069967035276385,
      41.085803738078766,
      41.10148592537808,
      41.11701803354142,
      41.13240429062281,
      41.1476487298054,
      41.1627552017486,
      41.17772738594719,
      41.192568801197375,
      41.20728281525415,
      41.22187265375507
    ],
    "relative_changes": [
      0.004091173093474316,
      0.0036605854700190394,
      0.0032352176692723037,
      0.0028148843390375603,
      0.0023994108437012597,
      0.001988632416339291,
      0.0015823933951742723,
      0.001180546534348547,
      0.0007829523803607516,
      0.0003894787066733443,
      0.0,
      0.0003856030073941654,
      0.0007674437643113081,
      0.0011456302904899306,
      0.0015202655335173414,
      0.0018914476961300883,
      0.002259270536850419,
      0.002623823646565133,
      0.002985192703361153,
      0.0033434597076696824,
      0.003698703199547478
    ],
    "max_relative_change": 0.004091173093474316,
    "tolerance": 0.01,
    "is_topologically_protected": true,
    "base_value": 41.069967035276385
  },
  "n_strand": {
    "n_values": [
      2,
      3,
      4,
      5,
      6
    ],
    "eta_values": [
      0.6366197723675814,
      0.954929658551372,
      1.2732395447351628,
      1.5915494309189535,
      1.909859317102744
    ]
  }
}